GEO_ID,NAME,Total_Pop,Employer_Insurance,Direct_Purchase,Medicare,Medicaid,TRICARE,VA,Uninsured
08001007801,Census Tract 78.01; Adams County; Colorado,4108,226,965,703,1214,20,229,181
08001007802,Census Tract 78.02; Adams County; Colorado,4249,78,1098,531,1363,173,592,249
08001007900,Census Tract 79; Adams County; Colorado,6718,530,1890,1313,2354,80,594,186
08001008000,Census Tract 80; Adams County; Colorado,5597,185,1525,1424,1855,78,80,207
08001008100,Census Tract 81; Adams County; Colorado,1455,15,978,976,644,125,19,15
08001008200,Census Tract 82; Adams County; Colorado,6446,744,1851,1429,1744,101,332,356
08001008308,Census Tract 83.08; Adams County; Colorado,6477,956,1369,1020,1640,180,303,634
08001008309,Census Tract 83.09; Adams County; Colorado,3816,554,760,458,861,51,356,228
08001008354,Census Tract 83.54; Adams County; Colorado,7914,1178,2933,2511,2700,261,450,173
08001008355,Census Tract 83.55; Adams County; Colorado,4830,601,1495,1126,1424,0,428,7
08001008401,Census Tract 84.01; Adams County; Colorado,5956,853,1299,1065,1209,216,200,423
08001008402,Census Tract 84.02; Adams County; Colorado,5620,817,1465,1102,1286,80,301,628
08001008505,Census Tract 85.05; Adams County; Colorado,7106,1211,1739,1643,1481,120,235,422
08001008506,Census Tract 85.06; Adams County; Colorado,5921,365,2061,2086,2434,51,108,172
08001008507,Census Tract 85.07; Adams County; Colorado,6320,763,1757,1569,1082,129,207,301
08001008508,Census Tract 85.08; Adams County; Colorado,5768,422,1500,1276,1647,194,344,376
08001008524,Census Tract 85.24; Adams County; Colorado,8976,1843,1711,1698,1517,166,105,521
08001008526,Census Tract 85.26; Adams County; Colorado,7537,1255,1532,1530,1789,102,119,584
08001008533,Census Tract 85.33; Adams County; Colorado,7910,1106,2908,2141,2056,432,505,681
08001008534,Census Tract 85.34; Adams County; Colorado,4213,591,941,949,1086,17,17,97
08001008535,Census Tract 85.35; Adams County; Colorado,4758,718,1389,1217,1348,46,146,181
08001008536,Census Tract 85.36; Adams County; Colorado,5093,801,930,884,759,29,29,503
08001008538,Census Tract 85.38; Adams County; Colorado,14890,3692,3117,3249,2461,727,91,843
08001008540,Census Tract 85.40; Adams County; Colorado,10799,2843,1714,1589,1491,355,72,736
08001008544,Census Tract 85.44; Adams County; Colorado,5972,1342,1408,1199,1313,107,145,466
08001008545,Census Tract 85.45; Adams County; Colorado,6361,1219,1136,1065,898,160,121,477
08001008546,Census Tract 85.46; Adams County; Colorado,3440,462,1043,920,1106,61,75,114
08001008547,Census Tract 85.47; Adams County; Colorado,3242,710,961,885,931,111,69,59
08001008548,Census Tract 85.48; Adams County; Colorado,1604,377,314,303,292,36,53,92
08001008549,Census Tract 85.49; Adams County; Colorado,5032,933,1099,902,1020,123,196,297
08001008550,Census Tract 85.50; Adams County; Colorado,8191,1459,2117,2172,1873,161,198,920
08001008551,Census Tract 85.51; Adams County; Colorado,1916,258,279,301,433,10,5,121
08001008552,Census Tract 85.52; Adams County; Colorado,5493,712,1660,1555,1229,392,154,434
08001008553,Census Tract 85.53; Adams County; Colorado,5832,1020,928,858,948,209,86,507
08001008554,Census Tract 85.54; Adams County; Colorado,2912,290,828,883,533,26,91,191
08001008555,Census Tract 85.55; Adams County; Colorado,6621,546,2832,2131,2051,102,644,754
08001008556,Census Tract 85.56; Adams County; Colorado,6068,1464,1052,828,820,89,295,252
08001008557,Census Tract 85.57; Adams County; Colorado,1371,286,228,245,278,0,0,108
08001008558,Census Tract 85.58; Adams County; Colorado,4811,902,1301,1092,1238,147,184,277
08001008559,Census Tract 85.59; Adams County; Colorado,9239,1614,2084,1860,2206,185,321,530
08001008560,Census Tract 85.60; Adams County; Colorado,2470,621,346,336,250,41,14,99
08001008561,Census Tract 85.61; Adams County; Colorado,5113,476,498,469,499,75,0,356
08001008562,Census Tract 85.62; Adams County; Colorado,6534,1433,1499,1122,1178,194,201,645
08001008563,Census Tract 85.63; Adams County; Colorado,4537,1307,1212,821,687,56,186,420
08001008564,Census Tract 85.64; Adams County; Colorado,1502,509,210,220,220,42,10,97
08001008565,Census Tract 85.65; Adams County; Colorado,7268,906,1473,1556,1946,38,167,289
08001008603,Census Tract 86.03; Adams County; Colorado,1881,107,548,423,626,38,78,67
08001008604,Census Tract 86.04; Adams County; Colorado,3852,656,1061,951,847,61,194,400
08001008605,Census Tract 86.05; Adams County; Colorado,4099,533,746,604,803,21,237,284
08001008606,Census Tract 86.06; Adams County; Colorado,6384,577,1621,1493,1706,153,164,604
08001008705,Census Tract 87.05; Adams County; Colorado,5444,483,957,820,2029,67,209,344
08001008706,Census Tract 87.06; Adams County; Colorado,4662,404,1085,862,1082,99,309,273
08001008709,Census Tract 87.09; Adams County; Colorado,6837,730,1007,914,2110,0,405,281
08001008801,Census Tract 88.01; Adams County; Colorado,5644,357,1358,1170,1928,165,288,624
08001008802,Census Tract 88.02; Adams County; Colorado,3934,159,853,644,1152,72,179,90
08001008901,Census Tract 89.01; Adams County; Colorado,2485,264,350,304,502,27,41,181
08001009001,Census Tract 90.01; Adams County; Colorado,5323,195,1150,1189,1895,0,119,249
08001009003,Census Tract 90.03; Adams County; Colorado,4460,371,1392,1043,918,119,352,610
08001009004,Census Tract 90.04; Adams County; Colorado,5570,666,1726,1347,1527,49,532,401
08001009101,Census Tract 91.01; Adams County; Colorado,4258,301,1418,1255,1236,213,167,213
08001009103,Census Tract 91.03; Adams County; Colorado,4484,507,1305,953,1411,22,311,274
08001009104,Census Tract 91.04; Adams County; Colorado,7108,1023,1839,1777,2134,55,433,336
08001009202,Census Tract 92.02; Adams County; Colorado,4340,625,1265,852,1095,101,294,203
08001009203,Census Tract 92.03; Adams County; Colorado,4221,562,1974,1281,937,43,672,244
08001009204,Census Tract 92.04; Adams County; Colorado,6591,741,1946,1641,1385,79,259,288
08001009206,Census Tract 92.06; Adams County; Colorado,2222,145,503,450,447,82,99,187
08001009207,Census Tract 92.07; Adams County; Colorado,4764,278,1672,1226,1326,187,260,344
08001009304,Census Tract 93.04; Adams County; Colorado,5520,530,1519,1532,1135,384,162,812
08001009306,Census Tract 93.06; Adams County; Colorado,4131,483,903,929,1193,44,89,122
08001009307,Census Tract 93.07; Adams County; Colorado,3627,501,967,773,830,86,193,120
08001009308,Census Tract 93.08; Adams County; Colorado,4198,519,1068,798,1037,122,365,218
08001009309,Census Tract 93.09; Adams County; Colorado,3946,505,1088,925,869,127,174,301
08001009310,Census Tract 93.10; Adams County; Colorado,5474,491,1660,1416,1730,254,301,399
08001009316,Census Tract 93.16; Adams County; Colorado,7145,279,1026,664,2498,61,529,128
08001009318,Census Tract 93.18; Adams County; Colorado,7233,823,2216,1751,2617,231,257,537
08001009319,Census Tract 93.19; Adams County; Colorado,2409,231,607,606,595,7,91,67
08001009320,Census Tract 93.20; Adams County; Colorado,2965,191,866,636,674,7,212,332
08001009321,Census Tract 93.21; Adams County; Colorado,4351,543,1142,1040,1247,34,172,487
08001009322,Census Tract 93.22; Adams County; Colorado,5133,356,1401,1041,1661,71,405,389
08001009323,Census Tract 93.23; Adams County; Colorado,3434,376,983,835,809,109,145,241
08001009325,Census Tract 93.25; Adams County; Colorado,6010,907,1981,1345,1158,111,422,381
08001009326,Census Tract 93.26; Adams County; Colorado,2487,201,618,549,565,27,63,115
08001009327,Census Tract 93.27; Adams County; Colorado,4962,416,1327,955,970,114,390,515
08001009401,Census Tract 94.01; Adams County; Colorado,4529,467,1208,979,1053,181,79,358
08001009406,Census Tract 94.06; Adams County; Colorado,4384,607,1092,1178,907,82,72,285
08001009407,Census Tract 94.07; Adams County; Colorado,5312,723,1389,1076,1373,37,449,298
08001009408,Census Tract 94.08; Adams County; Colorado,4742,799,1176,1139,956,39,56,235
08001009409,Census Tract 94.09; Adams County; Colorado,5728,938,1153,934,777,30,92,396
08001009410,Census Tract 94.10; Adams County; Colorado,3124,627,376,270,225,52,46,214
08001009411,Census Tract 94.11; Adams County; Colorado,3133,332,841,792,780,55,36,210
08001009501,Census Tract 95.01; Adams County; Colorado,3184,271,874,842,993,24,96,118
08001009502,Census Tract 95.02; Adams County; Colorado,5276,903,1510,1574,1493,69,14,276
08001009553,Census Tract 95.53; Adams County; Colorado,3587,379,853,915,1156,53,70,158
08001009603,Census Tract 96.03; Adams County; Colorado,6343,183,1880,987,1815,70,804,75
08001009604,Census Tract 96.04; Adams County; Colorado,3779,223,863,798,953,92,108,114
08001009606,Census Tract 96.06; Adams County; Colorado,3092,402,784,845,926,91,61,117
08001009607,Census Tract 96.07; Adams County; Colorado,4096,742,1059,857,634,204,164,227
08001009608,Census Tract 96.08; Adams County; Colorado,2827,361,655,619,635,77,89,152
08001009751,Census Tract 97.51; Adams County; Colorado,3884,107,1557,858,979,95,698,182
08001009752,Census Tract 97.52; Adams County; Colorado,3163,477,683,630,765,80,255,165
08001015000,Census Tract 150; Adams County; Colorado,2263,127,597,374,223,88,102,210
08001060001,Census Tract 600.01; Adams County; Colorado,2974,464,1068,1097,902,116,83,248
08001060002,Census Tract 600.02; Adams County; Colorado,5127,1297,904,832,705,156,77,436
08001060100,Census Tract 601; Adams County; Colorado,7667,1607,1547,1235,1207,193,287,378
08001060200,Census Tract 602; Adams County; Colorado,4721,355,1584,1483,1449,109,99,386
08001061200,Census Tract 612; Adams County; Colorado,4271,1029,785,855,756,170,62,186
08001988700,Census Tract 9887; Adams County; Colorado,0,0,0,0,0,0,0,0
08059009806,Census Tract 98.06; Jefferson County; Colorado,4706,709,812,813,783,79,101,311
08059009807,Census Tract 98.07; Jefferson County; Colorado,1719,252,286,254,253,24,0,113
08059009815,Census Tract 98.15; Jefferson County; Colorado,5126,1101,625,607,542,34,0,224
08059009823,Census Tract 98.23; Jefferson County; Colorado,4308,520,1198,1058,1024,85,75,263
08059009824,Census Tract 98.24; Jefferson County; Colorado,4889,730,1285,1228,1065,139,68,181
08059009827,Census Tract 98.27; Jefferson County; Colorado,5614,750,1212,1198,969,156,118,312
08059009828,Census Tract 98.28; Jefferson County; Colorado,5203,727,1046,873,922,100,212,269
08059009829,Census Tract 98.29; Jefferson County; Colorado,1736,373,280,268,227,25,0,124
08059009830,Census Tract 98.30; Jefferson County; Colorado,2277,301,747,670,661,78,71,104
08059009831,Census Tract 98.31; Jefferson County; Colorado,3121,234,1721,1527,1426,145,160,92
08059009832,Census Tract 98.32; Jefferson County; Colorado,2285,297,623,577,573,81,55,97
08059009833,Census Tract 98.33; Jefferson County; Colorado,5603,754,1312,1136,1370,109,124,559
08059009834,Census Tract 98.34; Jefferson County; Colorado,4592,798,1289,1131,948,65,163,323
08059009835,Census Tract 98.35; Jefferson County; Colorado,3421,617,531,480,477,65,30,159
08059009836,Census Tract 98.36; Jefferson County; Colorado,3947,674,722,748,516,197,6,153
08059009837,Census Tract 98.37; Jefferson County; Colorado,8574,1676,1120,1153,1253,65,0,512
08059009838,Census Tract 98.38; Jefferson County; Colorado,5244,1065,729,771,654,33,0,324
08059009839,Census Tract 98.39; Jefferson County; Colorado,2245,497,338,355,303,25,0,96
08059009840,Census Tract 98.40; Jefferson County; Colorado,3423,548,779,774,732,52,14,172
08059009841,Census Tract 98.41; Jefferson County; Colorado,2064,245,394,371,384,46,51,122
08059009842,Census Tract 98.42; Jefferson County; Colorado,3201,709,243,234,251,12,8,79
08059009845,Census Tract 98.45; Jefferson County; Colorado,4123,810,181,206,126,19,0,293
08059009846,Census Tract 98.46; Jefferson County; Colorado,4990,813,755,523,389,129,61,543
08059009847,Census Tract 98.47; Jefferson County; Colorado,3362,874,318,380,222,74,0,267
08059009848,Census Tract 98.48; Jefferson County; Colorado,2589,433,310,270,190,58,0,349
08059009850,Census Tract 98.50; Jefferson County; Colorado,2531,432,295,271,192,52,15,174
08059009851,Census Tract 98.51; Jefferson County; Colorado,3854,441,348,471,294,22,31,571
08059009852,Census Tract 98.52; Jefferson County; Colorado,4888,985,712,665,584,82,20,204
08059009853,Census Tract 98.53; Jefferson County; Colorado,2695,697,237,221,143,50,0,89
08059009854,Census Tract 98.54; Jefferson County; Colorado,5252,900,1261,1030,723,189,50,265
08059009855,Census Tract 98.55; Jefferson County; Colorado,3043,540,735,617,579,74,0,271
08059009856,Census Tract 98.56; Jefferson County; Colorado,2707,142,1103,1171,783,195,67,180
08059009857,Census Tract 98.57; Jefferson County; Colorado,2945,533,927,840,532,286,40,260
08059009858,Census Tract 98.58; Jefferson County; Colorado,3605,436,430,472,332,44,60,303
08059009901,Census Tract 99.01; Jefferson County; Colorado,3192,362,1686,1528,1038,288,34,266
08059010001,Census Tract 100.01; Jefferson County; Colorado,3286,317,1261,1053,763,276,106,235
08059010100,Census Tract 101; Jefferson County; Colorado,4846,236,2009,1817,1498,267,93,567
08059010205,Census Tract 102.05; Jefferson County; Colorado,2521,456,312,278,222,68,53,135
08059010206,Census Tract 102.06; Jefferson County; Colorado,4098,516,987,881,704,74,63,367
08059010208,Census Tract 102.08; Jefferson County; Colorado,5559,840,1348,1428,1311,102,26,255
08059010209,Census Tract 102.09; Jefferson County; Colorado,7130,604,1384,1140,1584,170,74,326
08059010210,Census Tract 102.10; Jefferson County; Colorado,3187,378,575,594,560,79,24,304
08059010211,Census Tract 102.11; Jefferson County; Colorado,2936,305,439,451,674,0,38,59
08059010212,Census Tract 102.12; Jefferson County; Colorado,4201,418,1146,1022,1074,56,178,323
08059010213,Census Tract 102.13; Jefferson County; Colorado,4574,447,1257,1229,1083,176,66,346
08059010303,Census Tract 103.03; Jefferson County; Colorado,5269,646,1034,948,602,116,159,511
08059010304,Census Tract 103.04; Jefferson County; Colorado,2322,219,597,599,545,57,3,191
08059010305,Census Tract 103.05; Jefferson County; Colorado,3510,324,1064,911,870,60,202,166
08059010306,Census Tract 103.06; Jefferson County; Colorado,2640,364,373,399,392,8,8,85
08059010307,Census Tract 103.07; Jefferson County; Colorado,4615,514,1484,1459,1332,148,92,326
08059010308,Census Tract 103.08; Jefferson County; Colorado,7062,802,2013,1817,1511,288,253,528
08059010402,Census Tract 104.02; Jefferson County; Colorado,5428,327,2041,1801,1616,91,248,326
08059010403,Census Tract 104.03; Jefferson County; Colorado,5525,696,1653,1434,1561,125,203,253
08059010405,Census Tract 104.05; Jefferson County; Colorado,2903,140,1290,1185,986,86,56,148
08059010406,Census Tract 104.06; Jefferson County; Colorado,2873,55,1033,947,977,113,113,140
08059010502,Census Tract 105.02; Jefferson County; Colorado,5262,258,1160,1158,1169,70,52,370
08059010503,Census Tract 105.03; Jefferson County; Colorado,4711,712,679,880,641,0,45,377
08059010504,Census Tract 105.04; Jefferson County; Colorado,3092,510,483,485,253,107,0,215
08059010603,Census Tract 106.03; Jefferson County; Colorado,3619,370,822,891,683,174,6,230
08059010604,Census Tract 106.04; Jefferson County; Colorado,2248,288,418,517,309,125,28,280
08059010701,Census Tract 107.01; Jefferson County; Colorado,4579,334,1209,1062,970,93,103,222
08059010702,Census Tract 107.02; Jefferson County; Colorado,5305,126,1932,1623,1422,181,435,643
08059010801,Census Tract 108.01; Jefferson County; Colorado,2411,363,186,239,138,72,0,200
08059010901,Census Tract 109.01; Jefferson County; Colorado,5469,433,1488,1583,1495,141,122,357
08059010902,Census Tract 109.02; Jefferson County; Colorado,2993,108,1343,1273,988,224,0,283
08059011000,Census Tract 110; Jefferson County; Colorado,5573,510,1678,1286,1586,121,318,910
08059011101,Census Tract 111.01; Jefferson County; Colorado,3590,286,1172,989,638,264,131,143
08059011102,Census Tract 111.02; Jefferson County; Colorado,2879,213,937,849,884,31,74,260
08059011202,Census Tract 112.02; Jefferson County; Colorado,5091,487,1674,1309,990,246,118,430
08059011300,Census Tract 113; Jefferson County; Colorado,3230,342,1051,951,820,174,90,249
08059011401,Census Tract 114.01; Jefferson County; Colorado,2533,102,959,871,724,77,87,129
08059011402,Census Tract 114.02; Jefferson County; Colorado,3970,316,1491,1390,1160,194,209,155
08059011551,Census Tract 115.51; Jefferson County; Colorado,4043,193,1731,1594,1039,246,248,245
08059011552,Census Tract 115.52; Jefferson County; Colorado,3171,109,1102,1158,1308,140,35,191
08059011601,Census Tract 116.01; Jefferson County; Colorado,4068,99,1418,915,1073,112,242,381
08059011602,Census Tract 116.02; Jefferson County; Colorado,4012,228,906,699,921,77,138,141
08059011701,Census Tract 117.01; Jefferson County; Colorado,4591,501,647,482,449,58,305,513
08059011702,Census Tract 117.02; Jefferson County; Colorado,5359,406,1549,1279,1048,205,79,492
08059011708,Census Tract 117.08; Jefferson County; Colorado,3806,294,959,761,831,91,169,170
08059011709,Census Tract 117.09; Jefferson County; Colorado,3297,178,682,767,537,62,63,60
08059011710,Census Tract 117.10; Jefferson County; Colorado,3939,380,874,820,705,12,265,394
08059011711,Census Tract 117.11; Jefferson County; Colorado,4086,688,909,940,680,62,11,405
08059011712,Census Tract 117.12; Jefferson County; Colorado,4139,686,619,661,509,87,16,292
08059011720,Census Tract 117.20; Jefferson County; Colorado,5212,1155,850,853,642,126,17,287
08059011721,Census Tract 117.21; Jefferson County; Colorado,3146,444,1054,894,673,105,92,263
08059011723,Census Tract 117.23; Jefferson County; Colorado,3487,448,1241,1185,837,188,100,223
08059011724,Census Tract 117.24; Jefferson County; Colorado,8052,1537,1178,1421,1184,192,19,540
08059011725,Census Tract 117.25; Jefferson County; Colorado,1821,268,209,258,262,78,10,124
08059011726,Census Tract 117.26; Jefferson County; Colorado,5424,851,869,800,606,233,27,319
08059011727,Census Tract 117.27; Jefferson County; Colorado,3818,647,654,612,412,60,27,167
08059011728,Census Tract 117.28; Jefferson County; Colorado,2647,204,380,460,435,60,8,156
08059011729,Census Tract 117.29; Jefferson County; Colorado,4173,223,1649,1491,1591,81,145,204
08059011730,Census Tract 117.30; Jefferson County; Colorado,3322,399,967,809,852,215,95,265
08059011731,Census Tract 117.31; Jefferson County; Colorado,4205,427,1357,1165,1024,72,218,244
08059011732,Census Tract 117.32; Jefferson County; Colorado,5002,213,2999,2210,1775,482,471,341
08059011733,Census Tract 117.33; Jefferson County; Colorado,2330,128,940,822,670,102,57,233
08059011803,Census Tract 118.03; Jefferson County; Colorado,6285,484,2621,2003,1608,184,569,458
08059011804,Census Tract 118.04; Jefferson County; Colorado,4172,384,918,654,688,121,108,232
08059011806,Census Tract 118.06; Jefferson County; Colorado,4866,311,1408,1313,1090,93,289,216
08059011807,Census Tract 118.07; Jefferson County; Colorado,2548,174,1062,913,658,172,41,219
08059011808,Census Tract 118.08; Jefferson County; Colorado,2409,79,1466,1274,1138,225,91,175
08059011904,Census Tract 119.04; Jefferson County; Colorado,3102,248,1168,1036,836,157,66,211
08059011951,Census Tract 119.51; Jefferson County; Colorado,4084,362,988,884,756,9,157,429
08059012022,Census Tract 120.22; Jefferson County; Colorado,5571,850,943,827,828,106,63,222
08059012023,Census Tract 120.23; Jefferson County; Colorado,3002,412,448,424,396,38,44,268
08059012024,Census Tract 120.24; Jefferson County; Colorado,5638,950,757,747,655,60,30,545
08059012026,Census Tract 120.26; Jefferson County; Colorado,3273,288,379,548,490,36,18,453
08059012027,Census Tract 120.27; Jefferson County; Colorado,2792,405,330,288,253,15,0,351
08059012030,Census Tract 120.30; Jefferson County; Colorado,3835,691,345,376,253,60,20,308
08059012031,Census Tract 120.31; Jefferson County; Colorado,3249,581,295,203,116,44,70,310
08059012032,Census Tract 120.32; Jefferson County; Colorado,2603,485,223,281,197,72,0,294
08059012033,Census Tract 120.33; Jefferson County; Colorado,3017,317,769,637,530,86,60,277
08059012034,Census Tract 120.34; Jefferson County; Colorado,4017,692,270,230,162,23,0,446
08059012035,Census Tract 120.35; Jefferson County; Colorado,5038,1250,445,474,375,13,15,349
08059012036,Census Tract 120.36; Jefferson County; Colorado,3153,610,149,257,146,50,19,234
08059012037,Census Tract 120.37; Jefferson County; Colorado,3721,515,383,486,301,37,8,469
08059012038,Census Tract 120.38; Jefferson County; Colorado,3425,556,828,800,590,54,30,106
08059012039,Census Tract 120.39; Jefferson County; Colorado,5227,940,1186,1226,1071,170,45,334
08059012041,Census Tract 120.41; Jefferson County; Colorado,5244,718,784,820,769,30,49,368
08059012042,Census Tract 120.42; Jefferson County; Colorado,3919,480,815,782,893,76,54,296
08059012043,Census Tract 120.43; Jefferson County; Colorado,5829,821,1154,1159,1131,78,45,508
08059012044,Census Tract 120.44; Jefferson County; Colorado,3784,661,836,706,562,173,33,333
08059012045,Census Tract 120.45; Jefferson County; Colorado,5820,1065,971,927,921,89,95,294
08059012046,Census Tract 120.46; Jefferson County; Colorado,1944,309,302,301,323,25,14,116
08059012047,Census Tract 120.47; Jefferson County; Colorado,4312,693,1116,1092,975,139,114,268
08059012048,Census Tract 120.48; Jefferson County; Colorado,2079,272,249,229,279,26,0,72
08059012049,Census Tract 120.49; Jefferson County; Colorado,3511,786,396,382,306,113,0,213
08059012050,Census Tract 120.50; Jefferson County; Colorado,3901,509,968,920,695,221,0,228
08059012051,Census Tract 120.51; Jefferson County; Colorado,4025,819,519,439,435,75,86,325
08059012052,Census Tract 120.52; Jefferson County; Colorado,5672,866,1260,1216,1175,139,0,458
08059012053,Census Tract 120.53; Jefferson County; Colorado,4397,851,922,850,739,67,12,178
08059012054,Census Tract 120.54; Jefferson County; Colorado,3798,676,653,614,500,31,44,301
08059012055,Census Tract 120.55; Jefferson County; Colorado,3685,586,710,830,937,95,35,28
08059012057,Census Tract 120.57; Jefferson County; Colorado,5981,1277,1112,1149,881,83,29,296
08059012058,Census Tract 120.58; Jefferson County; Colorado,3840,478,629,455,461,10,117,192
08059012059,Census Tract 120.59; Jefferson County; Colorado,3551,516,629,471,359,80,31,308
08059012060,Census Tract 120.60; Jefferson County; Colorado,3154,284,1011,1016,899,150,59,200
08059015800,Census Tract 158; Jefferson County; Colorado,4130,180,1571,1347,1168,215,121,123
08059015900,Census Tract 159; Jefferson County; Colorado,3524,268,1076,1008,1111,126,120,444
08059060300,Census Tract 603; Jefferson County; Colorado,4145,660,859,800,807,108,47,368
08059060400,Census Tract 604; Jefferson County; Colorado,6129,1016,2055,1874,1593,305,97,324
08059060501,Census Tract 605.01; Jefferson County; Colorado,11135,3152,1869,1786,1584,139,202,509
08059980000,Census Tract 9800; Jefferson County; Colorado,0,0,0,0,0,0,0,0
08059980400,Census Tract 9804; Jefferson County; Colorado,0,0,0,0,0,0,0,0
08059980700,Census Tract 9807; Jefferson County; Colorado,0,0,0,0,0,0,0,0
08059980800,Census Tract 9808; Jefferson County; Colorado,0,0,0,0,0,0,0,0
