GEO_ID,Tract_Name,County,Total_Pop,Pop_Disabled,Pct_Disabled
08001007801,"Census Tract 78.01, Adams County, CO",Adams County,4145,676,16.3
08001007802,"Census Tract 78.02, Adams County, CO",Adams County,4070,456,11.2
08001007900,"Census Tract 79, Adams County, CO",Adams County,6161,640,10.4
08001008000,"Census Tract 80, Adams County, CO",Adams County,5701,750,13.2
08001008100,"Census Tract 81, Adams County, CO",Adams County,1404,147,10.5
08001008200,"Census Tract 82, Adams County, CO",Adams County,7010,466,6.6
08001008308,"Census Tract 83.08, Adams County, CO",Adams County,5775,305,5.3
08001008309,"Census Tract 83.09, Adams County, CO",Adams County,4401,491,11.2
08001008354,"Census Tract 83.54, Adams County, CO",Adams County,6219,511,8.2
08001008355,"Census Tract 83.55, Adams County, CO",Adams County,4811,744,15.5
08001008401,"Census Tract 84.01, Adams County, CO",Adams County,5585,738,13.2
08001008402,"Census Tract 84.02, Adams County, CO",Adams County,5340,560,10.5
08001008505,"Census Tract 85.05, Adams County, CO",Adams County,6878,795,11.6
08001008506,"Census Tract 85.06, Adams County, CO",Adams County,5667,929,16.4
08001008507,"Census Tract 85.07, Adams County, CO",Adams County,6421,1599,24.9
08001008508,"Census Tract 85.08, Adams County, CO",Adams County,5460,615,11.3
08001008524,"Census Tract 85.24, Adams County, CO",Adams County,9164,491,5.4
08001008526,"Census Tract 85.26, Adams County, CO",Adams County,7114,546,7.7
08001008533,"Census Tract 85.33, Adams County, CO",Adams County,7773,825,10.6
08001008534,"Census Tract 85.34, Adams County, CO",Adams County,4228,325,7.7
08001008535,"Census Tract 85.35, Adams County, CO",Adams County,4733,555,11.7
08001008536,"Census Tract 85.36, Adams County, CO",Adams County,4924,538,10.9
08001008538,"Census Tract 85.38, Adams County, CO",Adams County,12846,1072,8.3
08001008540,"Census Tract 85.40, Adams County, CO",Adams County,9878,1279,12.9
08001008544,"Census Tract 85.44, Adams County, CO",Adams County,6096,313,5.1
08001008545,"Census Tract 85.45, Adams County, CO",Adams County,6402,406,6.3
08001008546,"Census Tract 85.46, Adams County, CO",Adams County,3584,193,5.4
08001008547,"Census Tract 85.47, Adams County, CO",Adams County,3210,120,3.7
08001008548,"Census Tract 85.48, Adams County, CO",Adams County,1586,174,11.0
08001008549,"Census Tract 85.49, Adams County, CO",Adams County,4434,460,10.4
08001008550,"Census Tract 85.50, Adams County, CO",Adams County,8351,768,9.2
08001008551,"Census Tract 85.51, Adams County, CO",Adams County,1733,135,7.8
08001008552,"Census Tract 85.52, Adams County, CO",Adams County,4882,426,8.7
08001008553,"Census Tract 85.53, Adams County, CO",Adams County,5634,407,7.2
08001008554,"Census Tract 85.54, Adams County, CO",Adams County,2713,612,22.6
08001008555,"Census Tract 85.55, Adams County, CO",Adams County,6343,790,12.5
08001008556,"Census Tract 85.56, Adams County, CO",Adams County,6226,378,6.1
08001008557,"Census Tract 85.57, Adams County, CO",Adams County,1212,88,7.3
08001008558,"Census Tract 85.58, Adams County, CO",Adams County,4350,249,5.7
08001008559,"Census Tract 85.59, Adams County, CO",Adams County,9433,691,7.3
08001008560,"Census Tract 85.60, Adams County, CO",Adams County,2191,86,3.9
08001008561,"Census Tract 85.61, Adams County, CO",Adams County,5190,502,9.7
08001008562,"Census Tract 85.62, Adams County, CO",Adams County,6063,594,9.8
08001008563,"Census Tract 85.63, Adams County, CO",Adams County,4807,278,5.8
08001008564,"Census Tract 85.64, Adams County, CO",Adams County,1174,95,8.1
08001008565,"Census Tract 85.65, Adams County, CO",Adams County,7186,800,11.1
08001008603,"Census Tract 86.03, Adams County, CO",Adams County,1986,227,11.4
08001008604,"Census Tract 86.04, Adams County, CO",Adams County,4135,320,7.7
08001008605,"Census Tract 86.05, Adams County, CO",Adams County,4098,520,12.7
08001008606,"Census Tract 86.06, Adams County, CO",Adams County,6236,844,13.5
08001008705,"Census Tract 87.05, Adams County, CO",Adams County,5413,652,12.0
08001008706,"Census Tract 87.06, Adams County, CO",Adams County,4854,727,15.0
08001008709,"Census Tract 87.09, Adams County, CO",Adams County,7371,1802,24.4
08001008801,"Census Tract 88.01, Adams County, CO",Adams County,5394,437,8.1
08001008802,"Census Tract 88.02, Adams County, CO",Adams County,4186,644,15.4
08001008901,"Census Tract 89.01, Adams County, CO",Adams County,2660,429,16.1
08001009001,"Census Tract 90.01, Adams County, CO",Adams County,4968,833,16.8
08001009003,"Census Tract 90.03, Adams County, CO",Adams County,4344,474,10.9
08001009004,"Census Tract 90.04, Adams County, CO",Adams County,5526,421,7.6
08001009101,"Census Tract 91.01, Adams County, CO",Adams County,4414,637,14.4
08001009103,"Census Tract 91.03, Adams County, CO",Adams County,4561,585,12.8
08001009104,"Census Tract 91.04, Adams County, CO",Adams County,6753,595,8.8
08001009202,"Census Tract 92.02, Adams County, CO",Adams County,4625,514,11.1
08001009203,"Census Tract 92.03, Adams County, CO",Adams County,5019,674,13.4
08001009204,"Census Tract 92.04, Adams County, CO",Adams County,7343,888,12.1
08001009206,"Census Tract 92.06, Adams County, CO",Adams County,2543,215,8.5
08001009207,"Census Tract 92.07, Adams County, CO",Adams County,5007,603,12.0
08001009304,"Census Tract 93.04, Adams County, CO",Adams County,5511,1137,20.6
08001009306,"Census Tract 93.06, Adams County, CO",Adams County,3946,680,17.2
08001009307,"Census Tract 93.07, Adams County, CO",Adams County,3648,895,24.5
08001009308,"Census Tract 93.08, Adams County, CO",Adams County,4489,572,12.7
08001009309,"Census Tract 93.09, Adams County, CO",Adams County,4323,539,12.5
08001009310,"Census Tract 93.10, Adams County, CO",Adams County,5985,572,9.6
08001009316,"Census Tract 93.16, Adams County, CO",Adams County,7317,990,13.5
08001009318,"Census Tract 93.18, Adams County, CO",Adams County,7022,628,8.9
08001009319,"Census Tract 93.19, Adams County, CO",Adams County,2579,553,21.4
08001009320,"Census Tract 93.20, Adams County, CO",Adams County,2872,492,17.1
08001009321,"Census Tract 93.21, Adams County, CO",Adams County,4441,533,12.0
08001009322,"Census Tract 93.22, Adams County, CO",Adams County,5047,409,8.1
08001009323,"Census Tract 93.23, Adams County, CO",Adams County,3593,621,17.3
08001009325,"Census Tract 93.25, Adams County, CO",Adams County,6075,665,10.9
08001009326,"Census Tract 93.26, Adams County, CO",Adams County,2902,511,17.6
08001009327,"Census Tract 93.27, Adams County, CO",Adams County,4781,624,13.1
08001009401,"Census Tract 94.01, Adams County, CO",Adams County,4530,651,14.4
08001009406,"Census Tract 94.06, Adams County, CO",Adams County,4496,392,8.7
08001009407,"Census Tract 94.07, Adams County, CO",Adams County,5299,622,11.7
08001009408,"Census Tract 94.08, Adams County, CO",Adams County,4954,605,12.2
08001009409,"Census Tract 94.09, Adams County, CO",Adams County,5863,562,9.6
08001009410,"Census Tract 94.10, Adams County, CO",Adams County,3252,278,8.5
08001009411,"Census Tract 94.11, Adams County, CO",Adams County,2987,278,9.3
08001009501,"Census Tract 95.01, Adams County, CO",Adams County,2861,317,11.1
08001009502,"Census Tract 95.02, Adams County, CO",Adams County,5484,407,7.4
08001009553,"Census Tract 95.53, Adams County, CO",Adams County,3386,441,13.0
08001009603,"Census Tract 96.03, Adams County, CO",Adams County,5817,964,16.6
08001009604,"Census Tract 96.04, Adams County, CO",Adams County,4206,761,18.1
08001009606,"Census Tract 96.06, Adams County, CO",Adams County,3155,359,11.4
08001009607,"Census Tract 96.07, Adams County, CO",Adams County,4292,516,12.0
08001009608,"Census Tract 96.08, Adams County, CO",Adams County,2859,311,10.9
08001009751,"Census Tract 97.51, Adams County, CO",Adams County,3832,337,8.8
08001009752,"Census Tract 97.52, Adams County, CO",Adams County,3026,286,9.5
08001015000,"Census Tract 150, Adams County, CO",Adams County,2578,658,25.5
08001060001,"Census Tract 600.01, Adams County, CO",Adams County,2908,304,10.5
08001060002,"Census Tract 600.02, Adams County, CO",Adams County,4538,241,5.3
08001060100,"Census Tract 601, Adams County, CO",Adams County,7527,587,7.8
08001060200,"Census Tract 602, Adams County, CO",Adams County,4554,620,13.6
08001061200,"Census Tract 612, Adams County, CO",Adams County,4190,262,6.3
08001988700,"Census Tract 9887, Adams County, CO",Adams County,0,0,
08059009806,"Census Tract 98.06, Jefferson County, CO",Jefferson County,4539,479,10.6
08059009807,"Census Tract 98.07, Jefferson County, CO",Jefferson County,1665,156,9.4
08059009815,"Census Tract 98.15, Jefferson County, CO",Jefferson County,5184,391,7.5
08059009823,"Census Tract 98.23, Jefferson County, CO",Jefferson County,4342,236,5.4
08059009824,"Census Tract 98.24, Jefferson County, CO",Jefferson County,4982,705,14.2
08059009827,"Census Tract 98.27, Jefferson County, CO",Jefferson County,5615,755,13.4
08059009828,"Census Tract 98.28, Jefferson County, CO",Jefferson County,5214,535,10.3
08059009829,"Census Tract 98.29, Jefferson County, CO",Jefferson County,1856,113,6.1
08059009830,"Census Tract 98.30, Jefferson County, CO",Jefferson County,2199,244,11.1
08059009831,"Census Tract 98.31, Jefferson County, CO",Jefferson County,2889,321,11.1
08059009832,"Census Tract 98.32, Jefferson County, CO",Jefferson County,2283,264,11.6
08059009833,"Census Tract 98.33, Jefferson County, CO",Jefferson County,5536,846,15.3
08059009834,"Census Tract 98.34, Jefferson County, CO",Jefferson County,4706,424,9.0
08059009835,"Census Tract 98.35, Jefferson County, CO",Jefferson County,3490,379,10.9
08059009836,"Census Tract 98.36, Jefferson County, CO",Jefferson County,4042,326,8.1
08059009837,"Census Tract 98.37, Jefferson County, CO",Jefferson County,8619,407,4.7
08059009838,"Census Tract 98.38, Jefferson County, CO",Jefferson County,5062,419,8.3
08059009839,"Census Tract 98.39, Jefferson County, CO",Jefferson County,2322,124,5.3
08059009840,"Census Tract 98.40, Jefferson County, CO",Jefferson County,3367,412,12.2
08059009841,"Census Tract 98.41, Jefferson County, CO",Jefferson County,1991,233,11.7
08059009842,"Census Tract 98.42, Jefferson County, CO",Jefferson County,3317,307,9.3
08059009845,"Census Tract 98.45, Jefferson County, CO",Jefferson County,4179,199,4.8
08059009846,"Census Tract 98.46, Jefferson County, CO",Jefferson County,4989,511,10.2
08059009847,"Census Tract 98.47, Jefferson County, CO",Jefferson County,3271,167,5.1
08059009848,"Census Tract 98.48, Jefferson County, CO",Jefferson County,2616,280,10.7
08059009850,"Census Tract 98.50, Jefferson County, CO",Jefferson County,2552,205,8.0
08059009851,"Census Tract 98.51, Jefferson County, CO",Jefferson County,4112,518,12.6
08059009852,"Census Tract 98.52, Jefferson County, CO",Jefferson County,5191,488,9.4
08059009853,"Census Tract 98.53, Jefferson County, CO",Jefferson County,2684,273,10.2
08059009854,"Census Tract 98.54, Jefferson County, CO",Jefferson County,5617,398,7.1
08059009855,"Census Tract 98.55, Jefferson County, CO",Jefferson County,2950,164,5.6
08059009856,"Census Tract 98.56, Jefferson County, CO",Jefferson County,2680,390,14.6
08059009857,"Census Tract 98.57, Jefferson County, CO",Jefferson County,2869,352,12.3
08059009858,"Census Tract 98.58, Jefferson County, CO",Jefferson County,3509,277,7.9
08059009901,"Census Tract 99.01, Jefferson County, CO",Jefferson County,3057,259,8.5
08059010001,"Census Tract 100.01, Jefferson County, CO",Jefferson County,3247,312,9.6
08059010100,"Census Tract 101, Jefferson County, CO",Jefferson County,5098,573,11.2
08059010205,"Census Tract 102.05, Jefferson County, CO",Jefferson County,2562,381,14.9
08059010206,"Census Tract 102.06, Jefferson County, CO",Jefferson County,4087,448,11.0
08059010208,"Census Tract 102.08, Jefferson County, CO",Jefferson County,6141,652,10.6
08059010209,"Census Tract 102.09, Jefferson County, CO",Jefferson County,7311,1112,15.2
08059010210,"Census Tract 102.10, Jefferson County, CO",Jefferson County,3275,346,10.6
08059010211,"Census Tract 102.11, Jefferson County, CO",Jefferson County,2825,462,16.4
08059010212,"Census Tract 102.12, Jefferson County, CO",Jefferson County,4181,765,18.3
08059010213,"Census Tract 102.13, Jefferson County, CO",Jefferson County,4519,631,14.0
08059010303,"Census Tract 103.03, Jefferson County, CO",Jefferson County,5248,873,16.6
08059010304,"Census Tract 103.04, Jefferson County, CO",Jefferson County,2396,349,14.6
08059010305,"Census Tract 103.05, Jefferson County, CO",Jefferson County,3578,432,12.1
08059010306,"Census Tract 103.06, Jefferson County, CO",Jefferson County,2813,182,6.5
08059010307,"Census Tract 103.07, Jefferson County, CO",Jefferson County,4681,609,13.0
08059010308,"Census Tract 103.08, Jefferson County, CO",Jefferson County,6129,484,7.9
08059010402,"Census Tract 104.02, Jefferson County, CO",Jefferson County,5831,915,15.7
08059010403,"Census Tract 104.03, Jefferson County, CO",Jefferson County,5412,754,13.9
08059010405,"Census Tract 104.05, Jefferson County, CO",Jefferson County,2832,329,11.6
08059010406,"Census Tract 104.06, Jefferson County, CO",Jefferson County,3118,263,8.4
08059010502,"Census Tract 105.02, Jefferson County, CO",Jefferson County,5341,760,14.2
08059010503,"Census Tract 105.03, Jefferson County, CO",Jefferson County,4468,616,13.8
08059010504,"Census Tract 105.04, Jefferson County, CO",Jefferson County,3042,302,9.9
08059010603,"Census Tract 106.03, Jefferson County, CO",Jefferson County,3583,637,17.8
08059010604,"Census Tract 106.04, Jefferson County, CO",Jefferson County,2252,196,8.7
08059010701,"Census Tract 107.01, Jefferson County, CO",Jefferson County,4966,719,14.5
08059010702,"Census Tract 107.02, Jefferson County, CO",Jefferson County,4928,473,9.6
08059010801,"Census Tract 108.01, Jefferson County, CO",Jefferson County,2342,375,16.0
08059010901,"Census Tract 109.01, Jefferson County, CO",Jefferson County,5623,703,12.5
08059010902,"Census Tract 109.02, Jefferson County, CO",Jefferson County,2840,513,18.1
08059011000,"Census Tract 110, Jefferson County, CO",Jefferson County,5751,946,16.4
08059011101,"Census Tract 111.01, Jefferson County, CO",Jefferson County,3665,630,17.2
08059011102,"Census Tract 111.02, Jefferson County, CO",Jefferson County,3073,493,16.0
08059011202,"Census Tract 112.02, Jefferson County, CO",Jefferson County,4900,640,13.1
08059011300,"Census Tract 113, Jefferson County, CO",Jefferson County,3146,404,12.8
08059011401,"Census Tract 114.01, Jefferson County, CO",Jefferson County,2532,403,15.9
08059011402,"Census Tract 114.02, Jefferson County, CO",Jefferson County,3943,708,18.0
08059011551,"Census Tract 115.51, Jefferson County, CO",Jefferson County,3982,429,10.8
08059011552,"Census Tract 115.52, Jefferson County, CO",Jefferson County,2858,383,13.4
08059011601,"Census Tract 116.01, Jefferson County, CO",Jefferson County,4120,294,7.1
08059011602,"Census Tract 116.02, Jefferson County, CO",Jefferson County,4077,381,9.3
08059011701,"Census Tract 117.01, Jefferson County, CO",Jefferson County,4602,646,14.0
08059011702,"Census Tract 117.02, Jefferson County, CO",Jefferson County,5186,840,16.2
08059011708,"Census Tract 117.08, Jefferson County, CO",Jefferson County,3893,476,12.2
08059011709,"Census Tract 117.09, Jefferson County, CO",Jefferson County,3347,223,6.7
08059011710,"Census Tract 117.10, Jefferson County, CO",Jefferson County,3844,722,18.8
08059011711,"Census Tract 117.11, Jefferson County, CO",Jefferson County,4002,372,9.3
08059011712,"Census Tract 117.12, Jefferson County, CO",Jefferson County,4252,404,9.5
08059011720,"Census Tract 117.20, Jefferson County, CO",Jefferson County,5196,294,5.7
08059011721,"Census Tract 117.21, Jefferson County, CO",Jefferson County,2855,240,8.4
08059011723,"Census Tract 117.23, Jefferson County, CO",Jefferson County,3614,409,11.3
08059011724,"Census Tract 117.24, Jefferson County, CO",Jefferson County,7962,503,6.3
08059011725,"Census Tract 117.25, Jefferson County, CO",Jefferson County,1659,206,12.4
08059011726,"Census Tract 117.26, Jefferson County, CO",Jefferson County,5284,558,10.6
08059011727,"Census Tract 117.27, Jefferson County, CO",Jefferson County,3868,452,11.7
08059011728,"Census Tract 117.28, Jefferson County, CO",Jefferson County,2591,324,12.5
08059011729,"Census Tract 117.29, Jefferson County, CO",Jefferson County,4095,547,13.4
08059011730,"Census Tract 117.30, Jefferson County, CO",Jefferson County,3461,326,9.4
08059011731,"Census Tract 117.31, Jefferson County, CO",Jefferson County,4286,482,11.2
08059011732,"Census Tract 117.32, Jefferson County, CO",Jefferson County,4722,904,19.1
08059011733,"Census Tract 117.33, Jefferson County, CO",Jefferson County,2314,303,13.1
08059011803,"Census Tract 118.03, Jefferson County, CO",Jefferson County,6397,853,13.3
08059011804,"Census Tract 118.04, Jefferson County, CO",Jefferson County,4045,480,11.9
08059011806,"Census Tract 118.06, Jefferson County, CO",Jefferson County,4861,770,15.8
08059011807,"Census Tract 118.07, Jefferson County, CO",Jefferson County,2719,187,6.9
08059011808,"Census Tract 118.08, Jefferson County, CO",Jefferson County,2567,149,5.8
08059011904,"Census Tract 119.04, Jefferson County, CO",Jefferson County,3126,524,16.8
08059011951,"Census Tract 119.51, Jefferson County, CO",Jefferson County,4143,374,9.0
08059012022,"Census Tract 120.22, Jefferson County, CO",Jefferson County,5705,594,10.4
08059012023,"Census Tract 120.23, Jefferson County, CO",Jefferson County,3123,365,11.7
08059012024,"Census Tract 120.24, Jefferson County, CO",Jefferson County,5495,531,9.7
08059012026,"Census Tract 120.26, Jefferson County, CO",Jefferson County,3402,263,7.7
08059012027,"Census Tract 120.27, Jefferson County, CO",Jefferson County,2855,137,4.8
08059012030,"Census Tract 120.30, Jefferson County, CO",Jefferson County,3678,306,8.3
08059012031,"Census Tract 120.31, Jefferson County, CO",Jefferson County,3485,360,10.3
08059012032,"Census Tract 120.32, Jefferson County, CO",Jefferson County,2725,230,8.4
08059012033,"Census Tract 120.33, Jefferson County, CO",Jefferson County,2966,309,10.4
08059012034,"Census Tract 120.34, Jefferson County, CO",Jefferson County,3857,172,4.5
08059012035,"Census Tract 120.35, Jefferson County, CO",Jefferson County,5196,184,3.5
08059012036,"Census Tract 120.36, Jefferson County, CO",Jefferson County,3171,147,4.6
08059012037,"Census Tract 120.37, Jefferson County, CO",Jefferson County,3799,738,19.4
08059012038,"Census Tract 120.38, Jefferson County, CO",Jefferson County,3568,267,7.5
08059012039,"Census Tract 120.39, Jefferson County, CO",Jefferson County,5446,564,10.4
08059012041,"Census Tract 120.41, Jefferson County, CO",Jefferson County,5193,590,11.4
08059012042,"Census Tract 120.42, Jefferson County, CO",Jefferson County,3833,333,8.7
08059012043,"Census Tract 120.43, Jefferson County, CO",Jefferson County,5902,515,8.7
08059012044,"Census Tract 120.44, Jefferson County, CO",Jefferson County,3829,268,7.0
08059012045,"Census Tract 120.45, Jefferson County, CO",Jefferson County,5828,496,8.5
08059012046,"Census Tract 120.46, Jefferson County, CO",Jefferson County,2022,196,9.7
08059012047,"Census Tract 120.47, Jefferson County, CO",Jefferson County,4258,340,8.0
08059012048,"Census Tract 120.48, Jefferson County, CO",Jefferson County,2062,391,19.0
08059012049,"Census Tract 120.49, Jefferson County, CO",Jefferson County,3724,273,7.3
08059012050,"Census Tract 120.50, Jefferson County, CO",Jefferson County,3884,272,7.0
08059012051,"Census Tract 120.51, Jefferson County, CO",Jefferson County,4059,363,8.9
08059012052,"Census Tract 120.52, Jefferson County, CO",Jefferson County,5579,531,9.5
08059012053,"Census Tract 120.53, Jefferson County, CO",Jefferson County,4441,460,10.4
08059012054,"Census Tract 120.54, Jefferson County, CO",Jefferson County,3807,216,5.7
08059012055,"Census Tract 120.55, Jefferson County, CO",Jefferson County,3700,201,5.4
08059012057,"Census Tract 120.57, Jefferson County, CO",Jefferson County,5893,463,7.9
08059012058,"Census Tract 120.58, Jefferson County, CO",Jefferson County,3806,578,15.2
08059012059,"Census Tract 120.59, Jefferson County, CO",Jefferson County,3664,316,8.6
08059012060,"Census Tract 120.60, Jefferson County, CO",Jefferson County,3237,328,10.1
08059015800,"Census Tract 158, Jefferson County, CO",Jefferson County,4242,761,17.9
08059015900,"Census Tract 159, Jefferson County, CO",Jefferson County,3320,387,11.7
08059060300,"Census Tract 603, Jefferson County, CO",Jefferson County,4341,358,8.2
08059060400,"Census Tract 604, Jefferson County, CO",Jefferson County,5508,488,8.9
08059060501,"Census Tract 605.01, Jefferson County, CO",Jefferson County,10295,503,4.9
08059980000,"Census Tract 9800, Jefferson County, CO",Jefferson County,0,0,
08059980400,"Census Tract 9804, Jefferson County, CO",Jefferson County,0,0,
08059980700,"Census Tract 9807, Jefferson County, CO",Jefferson County,0,0,
08059980800,"Census Tract 9808, Jefferson County, CO",Jefferson County,0,0,
