GEO_ID,Tract_Name,County,Total_Households,Public_Assistance_HH,Pct_Public_Assistance
08001007801,"Census Tract 78.01, Adams County, CO",Adams County,1332,85,6.4
08059009806,"Census Tract 98.06, Jefferson County, CO",Jefferson County,1861,36,1.9
08059009807,"Census Tract 98.07, Jefferson County, CO",Jefferson County,748,8,1.1
08059009815,"Census Tract 98.15, Jefferson County, CO",Jefferson County,2000,7,0.4
08059009823,"Census Tract 98.23, Jefferson County, CO",Jefferson County,1593,12,0.8
08059009824,"Census Tract 98.24, Jefferson County, CO",Jefferson County,2030,10,0.5
08059009827,"Census Tract 98.27, Jefferson County, CO",Jefferson County,2303,68,3.0
08059009828,"Census Tract 98.28, Jefferson County, CO",Jefferson County,2175,52,2.4
08059009829,"Census Tract 98.29, Jefferson County, CO",Jefferson County,689,7,1.0
08059009830,"Census Tract 98.30, Jefferson County, CO",Jefferson County,972,10,1.0
08059009831,"Census Tract 98.31, Jefferson County, CO",Jefferson County,1537,21,1.4
08059009832,"Census Tract 98.32, Jefferson County, CO",Jefferson County,915,34,3.7
08059009833,"Census Tract 98.33, Jefferson County, CO",Jefferson County,2227,47,2.1
08059009834,"Census Tract 98.34, Jefferson County, CO",Jefferson County,1990,8,0.4
08059009835,"Census Tract 98.35, Jefferson County, CO",Jefferson County,1402,9,0.6
08059009836,"Census Tract 98.36, Jefferson County, CO",Jefferson County,1603,0,0.0
08059009837,"Census Tract 98.37, Jefferson County, CO",Jefferson County,2844,51,1.8
08059009838,"Census Tract 98.38, Jefferson County, CO",Jefferson County,2149,18,0.8
08059009839,"Census Tract 98.39, Jefferson County, CO",Jefferson County,810,20,2.5
08059009840,"Census Tract 98.40, Jefferson County, CO",Jefferson County,1335,17,1.3
08059009841,"Census Tract 98.41, Jefferson County, CO",Jefferson County,856,17,2.0
08059009842,"Census Tract 98.42, Jefferson County, CO",Jefferson County,1278,0,0.0
08059009845,"Census Tract 98.45, Jefferson County, CO",Jefferson County,1744,0,0.0
08059009846,"Census Tract 98.46, Jefferson County, CO",Jefferson County,1986,0,0.0
08059009847,"Census Tract 98.47, Jefferson County, CO",Jefferson County,1339,8,0.6
08059009848,"Census Tract 98.48, Jefferson County, CO",Jefferson County,1073,13,1.2
08059009850,"Census Tract 98.50, Jefferson County, CO",Jefferson County,1116,7,0.6
08059009851,"Census Tract 98.51, Jefferson County, CO",Jefferson County,1854,0,0.0
08059009852,"Census Tract 98.52, Jefferson County, CO",Jefferson County,1893,0,0.0
08059009853,"Census Tract 98.53, Jefferson County, CO",Jefferson County,986,0,0.0
08059009854,"Census Tract 98.54, Jefferson County, CO",Jefferson County,2193,0,0.0
08059009855,"Census Tract 98.55, Jefferson County, CO",Jefferson County,1085,0,0.0
08059009856,"Census Tract 98.56, Jefferson County, CO",Jefferson County,1291,49,3.8
08059009857,"Census Tract 98.57, Jefferson County, CO",Jefferson County,1281,8,0.6
08059009858,"Census Tract 98.58, Jefferson County, CO",Jefferson County,1579,31,2.0
08059009901,"Census Tract 99.01, Jefferson County, CO",Jefferson County,954,14,1.5
08059010001,"Census Tract 100.01, Jefferson County, CO",Jefferson County,1399,100,7.1
08059010100,"Census Tract 101, Jefferson County, CO",Jefferson County,2119,108,5.1
08059010205,"Census Tract 102.05, Jefferson County, CO",Jefferson County,1037,1,0.1
08059010206,"Census Tract 102.06, Jefferson County, CO",Jefferson County,1643,27,1.6
08059010208,"Census Tract 102.08, Jefferson County, CO",Jefferson County,2150,30,1.4
08059010209,"Census Tract 102.09, Jefferson County, CO",Jefferson County,2789,63,2.3
08059010210,"Census Tract 102.10, Jefferson County, CO",Jefferson County,1315,25,1.9
08059010211,"Census Tract 102.11, Jefferson County, CO",Jefferson County,1233,2,0.2
08059010212,"Census Tract 102.12, Jefferson County, CO",Jefferson County,1634,23,1.4
08059010213,"Census Tract 102.13, Jefferson County, CO",Jefferson County,1932,35,1.8
08059010303,"Census Tract 103.03, Jefferson County, CO",Jefferson County,2120,132,6.2
08059010304,"Census Tract 103.04, Jefferson County, CO",Jefferson County,988,5,0.5
08059010305,"Census Tract 103.05, Jefferson County, CO",Jefferson County,1666,49,2.9
08059010306,"Census Tract 103.06, Jefferson County, CO",Jefferson County,1202,0,0.0
08059010307,"Census Tract 103.07, Jefferson County, CO",Jefferson County,2042,166,8.1
08059010308,"Census Tract 103.08, Jefferson County, CO",Jefferson County,2814,36,1.3
08059010402,"Census Tract 104.02, Jefferson County, CO",Jefferson County,2803,162,5.8
08059010403,"Census Tract 104.03, Jefferson County, CO",Jefferson County,2570,70,2.7
08059010405,"Census Tract 104.05, Jefferson County, CO",Jefferson County,1592,7,0.4
08059010406,"Census Tract 104.06, Jefferson County, CO",Jefferson County,1455,19,1.3
08059010502,"Census Tract 105.02, Jefferson County, CO",Jefferson County,2358,46,2.0
08059010503,"Census Tract 105.03, Jefferson County, CO",Jefferson County,2098,43,2.0
08059010504,"Census Tract 105.04, Jefferson County, CO",Jefferson County,1223,5,0.4
08059010603,"Census Tract 106.03, Jefferson County, CO",Jefferson County,1938,125,6.4
08059010604,"Census Tract 106.04, Jefferson County, CO",Jefferson County,1034,30,2.9
08059010701,"Census Tract 107.01, Jefferson County, CO",Jefferson County,2486,0,0.0
08059010702,"Census Tract 107.02, Jefferson County, CO",Jefferson County,2334,100,4.3
08059010801,"Census Tract 108.01, Jefferson County, CO",Jefferson County,1050,0,0.0
08059010901,"Census Tract 109.01, Jefferson County, CO",Jefferson County,2249,107,4.8
08059010902,"Census Tract 109.02, Jefferson County, CO",Jefferson County,1437,13,0.9
08059011000,"Census Tract 110, Jefferson County, CO",Jefferson County,2249,126,5.6
08059011101,"Census Tract 111.01, Jefferson County, CO",Jefferson County,1642,56,3.4
08059011102,"Census Tract 111.02, Jefferson County, CO",Jefferson County,1474,27,1.8
08059011202,"Census Tract 112.02, Jefferson County, CO",Jefferson County,1667,9,0.5
08059011300,"Census Tract 113, Jefferson County, CO",Jefferson County,1412,25,1.8
08059011401,"Census Tract 114.01, Jefferson County, CO",Jefferson County,1285,87,6.8
08059011402,"Census Tract 114.02, Jefferson County, CO",Jefferson County,2014,71,3.5
08059011551,"Census Tract 115.51, Jefferson County, CO",Jefferson County,2054,45,2.2
08059011552,"Census Tract 115.52, Jefferson County, CO",Jefferson County,1309,0,0.0
08059011601,"Census Tract 116.01, Jefferson County, CO",Jefferson County,1383,8,0.6
08059011602,"Census Tract 116.02, Jefferson County, CO",Jefferson County,1705,42,2.5
08059011701,"Census Tract 117.01, Jefferson County, CO",Jefferson County,1975,4,0.2
08059011702,"Census Tract 117.02, Jefferson County, CO",Jefferson County,2198,0,0.0
08059011708,"Census Tract 117.08, Jefferson County, CO",Jefferson County,1508,5,0.3
08059011709,"Census Tract 117.09, Jefferson County, CO",Jefferson County,1565,6,0.4
08059011710,"Census Tract 117.10, Jefferson County, CO",Jefferson County,2007,11,0.5
08059011711,"Census Tract 117.11, Jefferson County, CO",Jefferson County,1853,54,2.9
08059011712,"Census Tract 117.12, Jefferson County, CO",Jefferson County,1818,10,0.6
08059011720,"Census Tract 117.20, Jefferson County, CO",Jefferson County,2063,30,1.5
08059011721,"Census Tract 117.21, Jefferson County, CO",Jefferson County,1220,19,1.6
08059011723,"Census Tract 117.23, Jefferson County, CO",Jefferson County,1825,34,1.9
08059011724,"Census Tract 117.24, Jefferson County, CO",Jefferson County,2808,0,0.0
08059011725,"Census Tract 117.25, Jefferson County, CO",Jefferson County,766,0,0.0
08059011726,"Census Tract 117.26, Jefferson County, CO",Jefferson County,2130,12,0.6
08059011727,"Census Tract 117.27, Jefferson County, CO",Jefferson County,1475,17,1.2
08059011728,"Census Tract 117.28, Jefferson County, CO",Jefferson County,1149,0,0.0
08059011729,"Census Tract 117.29, Jefferson County, CO",Jefferson County,2127,27,1.3
08059011730,"Census Tract 117.30, Jefferson County, CO",Jefferson County,1552,9,0.6
08059011731,"Census Tract 117.31, Jefferson County, CO",Jefferson County,2017,50,2.5
08059011732,"Census Tract 117.32, Jefferson County, CO",Jefferson County,2432,70,2.9
08059011733,"Census Tract 117.33, Jefferson County, CO",Jefferson County,1214,20,1.6
08059011803,"Census Tract 118.03, Jefferson County, CO",Jefferson County,2164,24,1.1
08059011804,"Census Tract 118.04, Jefferson County, CO",Jefferson County,1663,41,2.5
08059011806,"Census Tract 118.06, Jefferson County, CO",Jefferson County,2250,32,1.4
08059011807,"Census Tract 118.07, Jefferson County, CO",Jefferson County,1594,35,2.2
08059011808,"Census Tract 118.08, Jefferson County, CO",Jefferson County,1584,0,0.0
08059011904,"Census Tract 119.04, Jefferson County, CO",Jefferson County,1573,52,3.3
08059011951,"Census Tract 119.51, Jefferson County, CO",Jefferson County,1875,0,0.0
08059012022,"Census Tract 120.22, Jefferson County, CO",Jefferson County,2269,0,0.0
08059012023,"Census Tract 120.23, Jefferson County, CO",Jefferson County,1329,74,5.6
08059012024,"Census Tract 120.24, Jefferson County, CO",Jefferson County,2324,0,0.0
08059012026,"Census Tract 120.26, Jefferson County, CO",Jefferson County,1379,4,0.3
08059012027,"Census Tract 120.27, Jefferson County, CO",Jefferson County,1175,14,1.2
08059012030,"Census Tract 120.30, Jefferson County, CO",Jefferson County,1517,23,1.5
08059012031,"Census Tract 120.31, Jefferson County, CO",Jefferson County,1454,37,2.5
08059012032,"Census Tract 120.32, Jefferson County, CO",Jefferson County,1034,16,1.5
08059012033,"Census Tract 120.33, Jefferson County, CO",Jefferson County,1123,0,0.0
08059012034,"Census Tract 120.34, Jefferson County, CO",Jefferson County,1532,0,0.0
08059012035,"Census Tract 120.35, Jefferson County, CO",Jefferson County,1755,0,0.0
08059012036,"Census Tract 120.36, Jefferson County, CO",Jefferson County,1280,8,0.6
08059012037,"Census Tract 120.37, Jefferson County, CO",Jefferson County,1602,50,3.1
08059012038,"Census Tract 120.38, Jefferson County, CO",Jefferson County,1250,8,0.6
08059012039,"Census Tract 120.39, Jefferson County, CO",Jefferson County,2039,18,0.9
08059012041,"Census Tract 120.41, Jefferson County, CO",Jefferson County,2032,0,0.0
08059012042,"Census Tract 120.42, Jefferson County, CO",Jefferson County,1372,81,5.9
08059012043,"Census Tract 120.43, Jefferson County, CO",Jefferson County,2441,48,2.0
08059012044,"Census Tract 120.44, Jefferson County, CO",Jefferson County,1535,36,2.3
08059012045,"Census Tract 120.45, Jefferson County, CO",Jefferson County,2151,14,0.7
08059012046,"Census Tract 120.46, Jefferson County, CO",Jefferson County,803,4,0.5
08059012047,"Census Tract 120.47, Jefferson County, CO",Jefferson County,1710,19,1.1
08059012048,"Census Tract 120.48, Jefferson County, CO",Jefferson County,948,6,0.6
08059012049,"Census Tract 120.49, Jefferson County, CO",Jefferson County,1408,15,1.1
08059012050,"Census Tract 120.50, Jefferson County, CO",Jefferson County,1905,23,1.2
08059012051,"Census Tract 120.51, Jefferson County, CO",Jefferson County,1366,11,0.8
08059012052,"Census Tract 120.52, Jefferson County, CO",Jefferson County,2009,53,2.6
08059012053,"Census Tract 120.53, Jefferson County, CO",Jefferson County,1518,0,0.0
08059012054,"Census Tract 120.54, Jefferson County, CO",Jefferson County,1541,31,2.0
08059012055,"Census Tract 120.55, Jefferson County, CO",Jefferson County,1471,8,0.5
08059012057,"Census Tract 120.57, Jefferson County, CO",Jefferson County,2560,43,1.7
08059012058,"Census Tract 120.58, Jefferson County, CO",Jefferson County,1530,46,3.0
08059012059,"Census Tract 120.59, Jefferson County, CO",Jefferson County,1253,5,0.4
08059012060,"Census Tract 120.60, Jefferson County, CO",Jefferson County,1407,77,5.5
08059015800,"Census Tract 158, Jefferson County, CO",Jefferson County,2120,72,3.4
08059015900,"Census Tract 159, Jefferson County, CO",Jefferson County,1454,0,0.0
08059060300,"Census Tract 603, Jefferson County, CO",Jefferson County,1587,4,0.3
08059060400,"Census Tract 604, Jefferson County, CO",Jefferson County,2197,49,2.2
08059060501,"Census Tract 605.01, Jefferson County, CO",Jefferson County,3651,0,0.0
08059980000,"Census Tract 9800, Jefferson County, CO",Jefferson County,0,0,
08059980400,"Census Tract 9804, Jefferson County, CO",Jefferson County,0,0,
08059980700,"Census Tract 9807, Jefferson County, CO",Jefferson County,0,0,
08059980800,"Census Tract 9808, Jefferson County, CO",Jefferson County,0,0,
