GEO_ID,NAME,Total_Pop,White_NonHispanic,Black_NonHispanic,Asian_NonHispanic,Hispanic,Pct_Hispanic
08001007801,Census Tract 78.01; Adams County; Colorado,4108,462,572,827,2210,53.8
08001007802,Census Tract 78.02; Adams County; Colorado,4323,552,436,175,2869,66.4
08001007900,Census Tract 79; Adams County; Colorado,6735,1456,1177,147,3765,55.9
08001008000,Census Tract 80; Adams County; Colorado,5597,1722,271,80,2945,52.6
08001008100,Census Tract 81; Adams County; Colorado,1676,898,107,261,204,12.2
08001008200,Census Tract 82; Adams County; Colorado,6582,1096,1114,325,3691,56.1
08001008308,Census Tract 83.08; Adams County; Colorado,6518,665,1208,306,4069,62.4
08001008309,Census Tract 83.09; Adams County; Colorado,3865,541,261,63,2971,76.9
08001008354,Census Tract 83.54; Adams County; Colorado,7963,1558,2304,427,2856,35.9
08001008355,Census Tract 83.55; Adams County; Colorado,4830,1907,254,138,2496,51.7
08001008401,Census Tract 84.01; Adams County; Colorado,6005,3900,66,59,1632,27.2
08001008402,Census Tract 84.02; Adams County; Colorado,5636,3845,117,8,1241,22.0
08001008505,Census Tract 85.05; Adams County; Colorado,7106,3674,461,19,2751,38.7
08001008506,Census Tract 85.06; Adams County; Colorado,6154,3292,257,317,1660,27.0
08001008507,Census Tract 85.07; Adams County; Colorado,6320,3041,218,205,2280,36.1
08001008508,Census Tract 85.08; Adams County; Colorado,5787,2986,45,118,2437,42.1
08001008524,Census Tract 85.24; Adams County; Colorado,8976,5614,131,1088,1743,19.4
08001008526,Census Tract 85.26; Adams County; Colorado,7537,5168,60,339,1584,21.0
08001008533,Census Tract 85.33; Adams County; Colorado,8063,3638,19,282,3626,45.0
08001008534,Census Tract 85.34; Adams County; Colorado,4213,2470,18,209,1468,34.8
08001008535,Census Tract 85.35; Adams County; Colorado,4774,2531,0,52,1977,41.4
08001008536,Census Tract 85.36; Adams County; Colorado,5093,3026,115,301,1261,24.8
08001008538,Census Tract 85.38; Adams County; Colorado,15073,7100,1065,251,5992,39.8
08001008540,Census Tract 85.40; Adams County; Colorado,10799,6426,73,673,3293,30.5
08001008544,Census Tract 85.44; Adams County; Colorado,5998,3443,338,498,1224,20.4
08001008545,Census Tract 85.45; Adams County; Colorado,6373,4621,172,306,943,14.8
08001008546,Census Tract 85.46; Adams County; Colorado,3468,1997,0,184,1236,35.6
08001008547,Census Tract 85.47; Adams County; Colorado,3451,1929,6,45,1062,30.8
08001008548,Census Tract 85.48; Adams County; Colorado,1604,988,36,37,413,25.7
08001008549,Census Tract 85.49; Adams County; Colorado,5032,1824,411,447,2107,41.9
08001008550,Census Tract 85.50; Adams County; Colorado,8191,4631,100,387,2553,31.2
08001008551,Census Tract 85.51; Adams County; Colorado,1916,1012,22,315,519,27.1
08001008552,Census Tract 85.52; Adams County; Colorado,5493,3126,20,177,1662,30.3
08001008553,Census Tract 85.53; Adams County; Colorado,5832,3838,22,129,1524,26.1
08001008554,Census Tract 85.54; Adams County; Colorado,2912,1792,382,43,473,16.2
08001008555,Census Tract 85.55; Adams County; Colorado,6634,3475,193,240,2370,35.7
08001008556,Census Tract 85.56; Adams County; Colorado,6068,3399,9,177,2355,38.8
08001008557,Census Tract 85.57; Adams County; Colorado,1371,654,6,14,618,45.1
08001008558,Census Tract 85.58; Adams County; Colorado,4811,1819,203,214,2326,48.3
08001008559,Census Tract 85.59; Adams County; Colorado,9257,3774,583,330,3827,41.3
08001008560,Census Tract 85.60; Adams County; Colorado,2470,1720,8,47,615,24.9
08001008561,Census Tract 85.61; Adams County; Colorado,5113,4090,29,95,866,16.9
08001008562,Census Tract 85.62; Adams County; Colorado,6565,3838,171,343,1924,29.3
08001008563,Census Tract 85.63; Adams County; Colorado,4537,2348,41,170,1573,34.7
08001008564,Census Tract 85.64; Adams County; Colorado,1598,1225,24,34,297,18.6
08001008565,Census Tract 85.65; Adams County; Colorado,7285,3528,356,46,3153,43.3
08001008603,Census Tract 86.03; Adams County; Colorado,1881,702,0,0,1067,56.7
08001008604,Census Tract 86.04; Adams County; Colorado,4519,1900,396,30,1875,41.5
08001008605,Census Tract 86.05; Adams County; Colorado,4099,2068,0,34,1703,41.5
08001008606,Census Tract 86.06; Adams County; Colorado,6384,3110,133,0,2941,46.1
08001008705,Census Tract 87.05; Adams County; Colorado,5590,1305,43,11,4110,73.5
08001008706,Census Tract 87.06; Adams County; Colorado,4731,1628,0,0,2979,63.0
08001008709,Census Tract 87.09; Adams County; Colorado,6869,1292,465,114,4919,71.6
08001008801,Census Tract 88.01; Adams County; Colorado,5651,1237,3,0,4355,77.1
08001008802,Census Tract 88.02; Adams County; Colorado,4046,943,54,49,2783,68.8
08001008901,Census Tract 89.01; Adams County; Colorado,2485,551,0,9,1769,71.2
08001009001,Census Tract 90.01; Adams County; Colorado,5341,1665,81,247,3248,60.8
08001009003,Census Tract 90.03; Adams County; Colorado,4460,1519,66,295,2385,53.5
08001009004,Census Tract 90.04; Adams County; Colorado,5578,1728,157,100,3575,64.1
08001009101,Census Tract 91.01; Adams County; Colorado,4258,1782,8,8,2254,52.9
08001009103,Census Tract 91.03; Adams County; Colorado,4484,1334,37,34,2991,66.7
08001009104,Census Tract 91.04; Adams County; Colorado,7108,1665,293,292,4544,63.9
08001009202,Census Tract 92.02; Adams County; Colorado,4340,929,45,49,3074,70.8
08001009203,Census Tract 92.03; Adams County; Colorado,4328,1272,216,147,2396,55.4
08001009204,Census Tract 92.04; Adams County; Colorado,6591,3115,90,232,2496,37.9
08001009206,Census Tract 92.06; Adams County; Colorado,2251,1518,16,134,366,16.3
08001009207,Census Tract 92.07; Adams County; Colorado,4764,1150,50,157,3132,65.7
08001009304,Census Tract 93.04; Adams County; Colorado,5524,2793,66,311,2030,36.7
08001009306,Census Tract 93.06; Adams County; Colorado,4131,1130,19,0,2605,63.1
08001009307,Census Tract 93.07; Adams County; Colorado,3628,1316,83,35,2167,59.7
08001009308,Census Tract 93.08; Adams County; Colorado,4198,1586,0,0,2384,56.8
08001009309,Census Tract 93.09; Adams County; Colorado,3946,1431,17,144,2233,56.6
08001009310,Census Tract 93.10; Adams County; Colorado,5474,1160,0,252,3803,69.5
08001009316,Census Tract 93.16; Adams County; Colorado,7145,1769,0,0,5189,72.6
08001009318,Census Tract 93.18; Adams County; Colorado,7233,2203,353,119,4261,58.9
08001009319,Census Tract 93.19; Adams County; Colorado,2409,744,0,8,1625,67.5
08001009320,Census Tract 93.20; Adams County; Colorado,2965,983,35,180,1767,59.6
08001009321,Census Tract 93.21; Adams County; Colorado,4351,1128,187,202,2613,60.1
08001009322,Census Tract 93.22; Adams County; Colorado,5133,1384,33,482,3089,60.2
08001009323,Census Tract 93.23; Adams County; Colorado,3434,1483,53,534,1195,34.8
08001009325,Census Tract 93.25; Adams County; Colorado,6010,4284,52,161,1361,22.6
08001009326,Census Tract 93.26; Adams County; Colorado,2487,2249,9,85,47,1.9
08001009327,Census Tract 93.27; Adams County; Colorado,4962,2571,79,98,2094,42.2
08001009401,Census Tract 94.01; Adams County; Colorado,4529,2106,0,97,2169,47.9
08001009406,Census Tract 94.06; Adams County; Colorado,4414,2240,23,215,1690,38.3
08001009407,Census Tract 94.07; Adams County; Colorado,5370,2326,95,298,2459,45.8
08001009408,Census Tract 94.08; Adams County; Colorado,4742,3475,0,446,507,10.7
08001009409,Census Tract 94.09; Adams County; Colorado,5728,4219,9,315,905,15.8
08001009410,Census Tract 94.10; Adams County; Colorado,3140,2308,42,117,558,17.8
08001009411,Census Tract 94.11; Adams County; Colorado,3133,2217,0,21,800,25.5
08001009501,Census Tract 95.01; Adams County; Colorado,3184,1447,2,184,1374,43.2
08001009502,Census Tract 95.02; Adams County; Colorado,5276,2006,0,292,2795,53.0
08001009553,Census Tract 95.53; Adams County; Colorado,3587,988,26,38,2366,66.0
08001009603,Census Tract 96.03; Adams County; Colorado,6437,2539,87,69,3406,52.9
08001009604,Census Tract 96.04; Adams County; Colorado,3849,2020,84,83,1486,38.6
08001009606,Census Tract 96.06; Adams County; Colorado,3092,1179,242,28,1615,52.2
08001009607,Census Tract 96.07; Adams County; Colorado,4185,1726,76,292,1962,46.9
08001009608,Census Tract 96.08; Adams County; Colorado,2829,1610,0,315,697,24.6
08001009751,Census Tract 97.51; Adams County; Colorado,3884,1338,160,0,2199,56.6
08001009752,Census Tract 97.52; Adams County; Colorado,3179,1416,26,16,1622,51.0
08001015000,Census Tract 150; Adams County; Colorado,2323,1120,12,10,1064,45.8
08001060001,Census Tract 600.01; Adams County; Colorado,2974,2190,52,135,284,9.5
08001060002,Census Tract 600.02; Adams County; Colorado,5127,3208,7,762,1019,19.9
08001060100,Census Tract 601; Adams County; Colorado,7702,4905,50,693,1602,20.8
08001060200,Census Tract 602; Adams County; Colorado,4770,2900,57,129,1249,26.2
08001061200,Census Tract 612; Adams County; Colorado,4271,2845,87,214,909,21.3
08001988700,Census Tract 9887; Adams County; Colorado,0,0,0,0,0,
08059009806,Census Tract 98.06; Jefferson County; Colorado,4706,3789,54,205,510,10.8
08059009807,Census Tract 98.07; Jefferson County; Colorado,1719,1494,0,62,83,4.8
08059009815,Census Tract 98.15; Jefferson County; Colorado,5126,3847,37,336,465,9.1
08059009823,Census Tract 98.23; Jefferson County; Colorado,4308,3513,11,29,600,13.9
08059009824,Census Tract 98.24; Jefferson County; Colorado,4889,3924,0,138,694,14.2
08059009827,Census Tract 98.27; Jefferson County; Colorado,5614,4249,22,303,807,14.4
08059009828,Census Tract 98.28; Jefferson County; Colorado,5271,4450,7,125,427,8.1
08059009829,Census Tract 98.29; Jefferson County; Colorado,1736,1318,16,86,207,11.9
08059009830,Census Tract 98.30; Jefferson County; Colorado,2277,1655,37,55,367,16.1
08059009831,Census Tract 98.31; Jefferson County; Colorado,3121,1718,244,234,637,20.4
08059009832,Census Tract 98.32; Jefferson County; Colorado,2285,1663,23,75,355,15.5
08059009833,Census Tract 98.33; Jefferson County; Colorado,5627,3104,150,283,1854,32.9
08059009834,Census Tract 98.34; Jefferson County; Colorado,4592,3573,58,49,785,17.1
08059009835,Census Tract 98.35; Jefferson County; Colorado,3421,2991,7,61,314,9.2
08059009836,Census Tract 98.36; Jefferson County; Colorado,3954,3355,35,18,411,10.4
08059009837,Census Tract 98.37; Jefferson County; Colorado,8574,7166,0,292,878,10.2
08059009838,Census Tract 98.38; Jefferson County; Colorado,5244,4369,8,191,515,9.8
08059009839,Census Tract 98.39; Jefferson County; Colorado,2245,1881,7,26,192,8.6
08059009840,Census Tract 98.40; Jefferson County; Colorado,3457,2852,44,10,429,12.4
08059009841,Census Tract 98.41; Jefferson County; Colorado,2110,1736,29,11,231,10.9
08059009842,Census Tract 98.42; Jefferson County; Colorado,3201,2923,21,27,138,4.3
08059009845,Census Tract 98.45; Jefferson County; Colorado,4123,3672,13,17,95,2.3
08059009846,Census Tract 98.46; Jefferson County; Colorado,4990,4399,14,12,344,6.9
08059009847,Census Tract 98.47; Jefferson County; Colorado,3362,3131,43,0,83,2.5
08059009848,Census Tract 98.48; Jefferson County; Colorado,2680,2405,0,31,238,8.9
08059009850,Census Tract 98.50; Jefferson County; Colorado,2531,2262,0,104,40,1.6
08059009851,Census Tract 98.51; Jefferson County; Colorado,3854,3257,40,93,247,6.4
08059009852,Census Tract 98.52; Jefferson County; Colorado,4893,4166,28,83,349,7.1
08059009853,Census Tract 98.53; Jefferson County; Colorado,2695,2508,0,26,84,3.1
08059009854,Census Tract 98.54; Jefferson County; Colorado,5252,4553,0,422,82,1.6
08059009855,Census Tract 98.55; Jefferson County; Colorado,3043,2788,0,83,98,3.2
08059009856,Census Tract 98.56; Jefferson County; Colorado,2707,2178,0,53,348,12.9
08059009857,Census Tract 98.57; Jefferson County; Colorado,2957,2639,0,75,81,2.7
08059009858,Census Tract 98.58; Jefferson County; Colorado,3617,3254,0,22,219,6.1
08059009901,Census Tract 99.01; Jefferson County; Colorado,3192,2541,38,162,269,8.4
08059010001,Census Tract 100.01; Jefferson County; Colorado,4203,2950,168,93,719,17.1
08059010100,Census Tract 101; Jefferson County; Colorado,5357,3840,80,282,771,14.4
08059010205,Census Tract 102.05; Jefferson County; Colorado,2527,2310,0,16,139,5.5
08059010206,Census Tract 102.06; Jefferson County; Colorado,4098,3210,152,58,609,14.9
08059010208,Census Tract 102.08; Jefferson County; Colorado,5567,4033,18,98,957,17.2
08059010209,Census Tract 102.09; Jefferson County; Colorado,7130,4304,28,200,2199,30.8
08059010210,Census Tract 102.10; Jefferson County; Colorado,3229,2738,0,16,319,9.9
08059010211,Census Tract 102.11; Jefferson County; Colorado,3135,1916,22,69,985,31.4
08059010212,Census Tract 102.12; Jefferson County; Colorado,4268,2917,12,12,1070,25.1
08059010213,Census Tract 102.13; Jefferson County; Colorado,4628,3078,109,84,1041,22.5
08059010303,Census Tract 103.03; Jefferson County; Colorado,5285,4471,238,97,306,5.8
08059010304,Census Tract 103.04; Jefferson County; Colorado,2329,2002,0,36,199,8.5
08059010305,Census Tract 103.05; Jefferson County; Colorado,3516,2700,113,0,608,17.3
08059010306,Census Tract 103.06; Jefferson County; Colorado,2640,1988,2,46,510,19.3
08059010307,Census Tract 103.07; Jefferson County; Colorado,4615,3468,25,40,860,18.6
08059010308,Census Tract 103.08; Jefferson County; Colorado,7081,5411,68,186,1018,14.4
08059010402,Census Tract 104.02; Jefferson County; Colorado,5611,3649,57,106,1637,29.2
08059010403,Census Tract 104.03; Jefferson County; Colorado,5525,3234,545,72,1447,26.2
08059010405,Census Tract 104.05; Jefferson County; Colorado,2903,2007,0,123,494,17.0
08059010406,Census Tract 104.06; Jefferson County; Colorado,2884,1655,0,26,1123,38.9
08059010502,Census Tract 105.02; Jefferson County; Colorado,5310,3963,329,51,729,13.7
08059010503,Census Tract 105.03; Jefferson County; Colorado,4728,3743,41,32,809,17.1
08059010504,Census Tract 105.04; Jefferson County; Colorado,3092,2631,0,40,393,12.7
08059010603,Census Tract 106.03; Jefferson County; Colorado,3693,2852,45,0,672,18.2
08059010604,Census Tract 106.04; Jefferson County; Colorado,2260,1531,0,132,485,21.5
08059010701,Census Tract 107.01; Jefferson County; Colorado,4652,3862,1,92,559,12.0
08059010702,Census Tract 107.02; Jefferson County; Colorado,5386,2881,0,22,2389,44.4
08059010801,Census Tract 108.01; Jefferson County; Colorado,2411,1935,9,29,181,7.5
08059010901,Census Tract 109.01; Jefferson County; Colorado,5479,3949,108,4,910,16.6
08059010902,Census Tract 109.02; Jefferson County; Colorado,3058,1814,96,78,964,31.5
08059011000,Census Tract 110; Jefferson County; Colorado,5821,4191,80,256,1171,20.1
08059011101,Census Tract 111.01; Jefferson County; Colorado,3649,2626,11,64,597,16.4
08059011102,Census Tract 111.02; Jefferson County; Colorado,2904,1518,71,29,1131,38.9
08059011202,Census Tract 112.02; Jefferson County; Colorado,5091,4043,27,93,817,16.0
08059011300,Census Tract 113; Jefferson County; Colorado,3230,2331,38,33,592,18.3
08059011401,Census Tract 114.01; Jefferson County; Colorado,2784,1493,38,72,970,34.8
08059011402,Census Tract 114.02; Jefferson County; Colorado,4164,2103,37,90,1683,40.4
08059011551,Census Tract 115.51; Jefferson County; Colorado,4055,2643,53,100,1102,27.2
08059011552,Census Tract 115.52; Jefferson County; Colorado,3277,1279,43,10,1671,51.0
08059011601,Census Tract 116.01; Jefferson County; Colorado,4257,1702,211,71,2187,51.4
08059011602,Census Tract 116.02; Jefferson County; Colorado,4017,2088,145,172,1410,35.1
08059011701,Census Tract 117.01; Jefferson County; Colorado,4601,3190,0,332,916,19.9
08059011702,Census Tract 117.02; Jefferson County; Colorado,5464,3756,0,249,1299,23.8
08059011708,Census Tract 117.08; Jefferson County; Colorado,3806,2970,0,39,598,15.7
08059011709,Census Tract 117.09; Jefferson County; Colorado,3297,2009,98,258,839,25.4
08059011710,Census Tract 117.10; Jefferson County; Colorado,3939,2717,0,106,946,24.0
08059011711,Census Tract 117.11; Jefferson County; Colorado,4155,3363,49,128,514,12.4
08059011712,Census Tract 117.12; Jefferson County; Colorado,4139,3325,33,122,450,10.9
08059011720,Census Tract 117.20; Jefferson County; Colorado,5212,4383,9,55,282,5.4
08059011721,Census Tract 117.21; Jefferson County; Colorado,3146,2342,18,218,344,10.9
08059011723,Census Tract 117.23; Jefferson County; Colorado,3561,2865,34,56,355,10.0
08059011724,Census Tract 117.24; Jefferson County; Colorado,8052,6648,16,518,700,8.7
08059011725,Census Tract 117.25; Jefferson County; Colorado,1821,1593,6,112,67,3.7
08059011726,Census Tract 117.26; Jefferson County; Colorado,5424,3853,61,182,923,17.0
08059011727,Census Tract 117.27; Jefferson County; Colorado,3818,3250,88,33,377,9.9
08059011728,Census Tract 117.28; Jefferson County; Colorado,2647,2004,0,40,575,21.7
08059011729,Census Tract 117.29; Jefferson County; Colorado,4173,2913,22,112,927,22.2
08059011730,Census Tract 117.30; Jefferson County; Colorado,3322,2206,88,27,896,27.0
08059011731,Census Tract 117.31; Jefferson County; Colorado,4205,2879,12,278,904,21.5
08059011732,Census Tract 117.32; Jefferson County; Colorado,5005,3480,17,203,1210,24.2
08059011733,Census Tract 117.33; Jefferson County; Colorado,2330,1780,35,61,237,10.2
08059011803,Census Tract 118.03; Jefferson County; Colorado,6285,3158,46,359,2427,38.6
08059011804,Census Tract 118.04; Jefferson County; Colorado,4175,2196,36,382,1443,34.6
08059011806,Census Tract 118.06; Jefferson County; Colorado,4871,3320,40,142,1187,24.4
08059011807,Census Tract 118.07; Jefferson County; Colorado,2599,1769,29,87,493,19.0
08059011808,Census Tract 118.08; Jefferson County; Colorado,2409,1182,239,43,865,35.9
08059011904,Census Tract 119.04; Jefferson County; Colorado,3130,2073,33,46,859,27.4
08059011951,Census Tract 119.51; Jefferson County; Colorado,4084,2484,176,457,747,18.3
08059012022,Census Tract 120.22; Jefferson County; Colorado,5608,4501,46,41,390,7.0
08059012023,Census Tract 120.23; Jefferson County; Colorado,3002,2529,11,65,286,9.5
08059012024,Census Tract 120.24; Jefferson County; Colorado,5638,4476,0,295,521,9.2
08059012026,Census Tract 120.26; Jefferson County; Colorado,3284,3059,7,13,66,2.0
08059012027,Census Tract 120.27; Jefferson County; Colorado,2940,2285,21,24,413,14.0
08059012030,Census Tract 120.30; Jefferson County; Colorado,3835,3254,29,57,221,5.8
08059012031,Census Tract 120.31; Jefferson County; Colorado,3249,2631,0,106,198,6.1
08059012032,Census Tract 120.32; Jefferson County; Colorado,2603,2309,0,0,169,6.5
08059012033,Census Tract 120.33; Jefferson County; Colorado,3017,2722,33,30,134,4.4
08059012034,Census Tract 120.34; Jefferson County; Colorado,4017,3902,30,0,12,0.3
08059012035,Census Tract 120.35; Jefferson County; Colorado,5038,4552,8,87,196,3.9
08059012036,Census Tract 120.36; Jefferson County; Colorado,3153,2601,0,71,331,10.5
08059012037,Census Tract 120.37; Jefferson County; Colorado,3721,3430,0,41,92,2.5
08059012038,Census Tract 120.38; Jefferson County; Colorado,3425,2270,31,86,815,23.8
08059012039,Census Tract 120.39; Jefferson County; Colorado,5235,3804,166,245,717,13.7
08059012041,Census Tract 120.41; Jefferson County; Colorado,5251,3759,45,343,801,15.3
08059012042,Census Tract 120.42; Jefferson County; Colorado,3929,3062,13,193,492,12.5
08059012043,Census Tract 120.43; Jefferson County; Colorado,5829,4239,0,357,948,16.3
08059012044,Census Tract 120.44; Jefferson County; Colorado,3796,2977,0,153,401,10.6
08059012045,Census Tract 120.45; Jefferson County; Colorado,5820,4158,18,174,1134,19.5
08059012046,Census Tract 120.46; Jefferson County; Colorado,1944,1545,5,79,224,11.5
08059012047,Census Tract 120.47; Jefferson County; Colorado,4312,3252,32,121,735,17.0
08059012048,Census Tract 120.48; Jefferson County; Colorado,2079,1627,4,0,382,18.4
08059012049,Census Tract 120.49; Jefferson County; Colorado,3511,2964,0,145,343,9.8
08059012050,Census Tract 120.50; Jefferson County; Colorado,3946,3040,89,275,391,9.9
08059012051,Census Tract 120.51; Jefferson County; Colorado,4052,3412,18,74,304,7.5
08059012052,Census Tract 120.52; Jefferson County; Colorado,5710,4900,70,10,637,11.2
08059012053,Census Tract 120.53; Jefferson County; Colorado,4397,3475,15,69,615,14.0
08059012054,Census Tract 120.54; Jefferson County; Colorado,3798,3312,16,107,283,7.5
08059012055,Census Tract 120.55; Jefferson County; Colorado,3695,3099,20,35,308,8.3
08059012057,Census Tract 120.57; Jefferson County; Colorado,5992,4939,10,78,860,14.4
08059012058,Census Tract 120.58; Jefferson County; Colorado,3843,3362,6,40,152,4.0
08059012059,Census Tract 120.59; Jefferson County; Colorado,3556,2690,6,79,633,17.8
08059012060,Census Tract 120.60; Jefferson County; Colorado,3181,2268,19,53,607,19.1
08059015800,Census Tract 158; Jefferson County; Colorado,4189,3361,27,36,562,13.4
08059015900,Census Tract 159; Jefferson County; Colorado,3671,2408,53,39,998,27.2
08059060300,Census Tract 603; Jefferson County; Colorado,4157,2846,24,342,600,14.4
08059060400,Census Tract 604; Jefferson County; Colorado,6139,3912,198,391,1249,20.3
08059060501,Census Tract 605.01; Jefferson County; Colorado,11152,8339,43,632,1653,14.8
08059980000,Census Tract 9800; Jefferson County; Colorado,0,0,0,0,0,
08059980400,Census Tract 9804; Jefferson County; Colorado,771,467,60,31,140,18.2
08059980700,Census Tract 9807; Jefferson County; Colorado,0,0,0,0,0,
08059980800,Census Tract 9808; Jefferson County; Colorado,0,0,0,0,0,
